group,names,scores,logfoldchanges,pvals,pvals_adj,pct_nz_group,pct_nz_reference
0,CadN,47.409096,6.603678,1.8586093986066087e-263,7.288664308261212e-262,0.7360157016683022,0.046899158220237075
0,ct,63.96246,6.082716,0.0,0.0,0.8861629048086359,0.20288610204432228
0,tutl,39.75062,5.816403,6.742715002820207e-212,1.8473191788548513e-210,0.6584887144259077,0.04758632537364714
0,DIP-epsilon,10.207234,5.809388,2.317436250810478e-23,7.815973864453553e-23,0.10107948969578018,0.0032640439786978184
0,fru,56.372158,4.6560264,0.0,0.0,0.8842001962708538,0.27332073526885414
0,eya,38.127,4.369409,5.325342248499112e-206,1.4200912662664299e-204,0.7026496565260059,0.12575158907404227
0,Octalpha2R,22.438852,4.2942553,1.236148061098607e-91,1.134080789998722e-90,0.4013738959764475,0.04775811716199966
0,Sobp,24.89708,3.8285947,1.9520688819394265e-108,2.1451306394938752e-107,0.47105004906771347,0.09139323140353892
0,CG42329,10.553285,3.7655709,8.273951318193548e-25,2.877896110676017e-24,0.12070657507360157,0.014774093798316441
0,Mipp1,27.830587,3.7374113,3.034407349859426e-129,4.334867642656322e-128,0.535819430814524,0.11681841607971138
0,nord,18.117968,3.5838366,3.3278677218996305e-64,2.1966123576895253e-63,0.3140333660451423,0.04861707610376224
0,Kank,39.528355,3.5390582,2.7355523449273896e-223,8.548601077898092e-222,0.788027477919529,0.28689228654870297
0,ab,19.119102,3.4416053,2.0691765058853917e-70,1.4779832184895653e-69,0.3493621197252208,0.06425012884384126
0,CG31176,11.048274,3.0733411,6.0439015908769485e-27,2.1662729716404832e-26,0.1491658488714426,0.029891771173337914
0,Nhe2,16.127821,3.007749,1.4427392613151877e-52,8.486701537148162e-52,0.2855740922473013,0.07301151004981962
0,ed,57.996223,2.951936,0.0,0.0,0.9813542688910697,0.6629445112523621
0,stl,25.376413,2.9452205,9.50537931939781e-114,1.1117402712745976e-112,0.5878312070657508,0.19945026627727194
0,ko,15.170068,2.8772924,2.6967786904509917e-47,1.4306518251729398e-46,0.2698724239450442,0.0707782168012369
0,mld,34.52828,2.8485544,1.8438251476741986e-187,4.338412112174585e-186,0.7870461236506379,0.36849338601614845
0,rgn,29.989563,2.8238587,1.3859519864155137e-150,2.2354064297024413e-149,0.7242394504416094,0.3083662600927676
0,rols,31.640549,2.8154385,6.363417947833661e-166,1.1894239154829274e-164,0.7634936211972522,0.2973715856382065
0,asRNA:CR45185,17.007704,2.801013,9.267018602729161e-58,5.810043011115461e-57,0.3395485770363101,0.10101357155127985
0,klu,19.759262,2.798187,7.825458428522004e-75,5.883803329715792e-74,0.43866535819430813,0.14602302009963924
0,fz2,21.85903,2.7385278,9.348777647445613e-89,8.310024575507211e-88,0.49656526005888124,0.1826146710187253
0,Socs36E,20.656935,2.6887922,9.123720317854116e-81,7.417658795003346e-80,0.478900883218842,0.18708125751589075
1,Osi17,7.3260326,28.914402,3.892979387389096e-12,1.0768960960965688e-11,0.21888412017167383,0.0
1,svp,5.9869885,27.968155,8.06259413683885e-09,1.9128337216699525e-08,0.15450643776824036,0.0
1,CG1273,8.191883,8.662957,1.7280842228429102e-14,5.1816618376099253e-14,0.26609442060085836,0.0016649008627213561
1,Mur11Da,11.81791,8.606037,1.5358335127248076e-25,6.466667421999191e-25,0.43776824034334766,0.00438928409262903
1,CG3168,33.894337,7.7847614,1.604381188238309e-92,2.4874126949431147e-91,0.9570815450643777,0.15256546087482972
1,CG17177,5.1795974,7.1291623,4.822480506335723e-07,1.0315466323712776e-06,0.11587982832618025,0.0012108369910700772
1,Elk,5.988743,6.883612,7.979912934898497e-09,1.895466255320308e-08,0.15879828326180256,0.0015135462388375966
1,Liprin-gamma,24.286144,6.6588306,8.576081637017194e-66,9.914545245106583e-65,0.8540772532188842,0.06477977902224913
1,CG32642,34.628124,6.56688,1.4355211471972737e-94,2.2606632239327146e-93,0.927038626609442,0.20372332374754049
1,hec,11.3821945,6.4399385,3.810300424537577e-24,1.5426317508249302e-23,0.4206008583690987,0.00892992280914182
1,CG13972,5.1441255,6.031228,5.713358543283383e-07,1.2169027781221263e-06,0.11587982832618025,0.002270319358256395
1,CG4066,9.617042,5.9183383,1.2046324109126145e-18,4.1113734160840085e-18,0.3648068669527897,0.019222037233237475
1,mwh,8.290027,5.89039,9.12004253839073e-15,2.776268657044362e-14,0.2832618025751073,0.007719085818071742
1,CG1698,16.647629,5.7391715,1.4592445463295248e-41,9.69597705202342e-41,0.6180257510729614,0.06629332526108672
1,CG10019,6.190856,5.6899877,2.68511597417736e-09,6.5331288909424825e-09,0.18454935622317598,0.00454063871651279
1,side,6.6521235,5.585132,2.048197604396527e-10,5.22499388876665e-10,0.21030042918454936,0.0068109580747691845
1,CG2121,5.0722413,5.4454136,8.038811278531134e-07,1.6888258988510785e-06,0.12017167381974249,0.003481156349326472
1,Pgant9,47.338642,5.3912787,7.192531649178106e-134,1.514217189300654e-132,1.0,0.5140003027092478
1,Sarm,40.12191,5.2029624,5.751378671329056e-112,1.0750240507157115e-110,0.9871244635193133,0.43211745118813377
1,cpx,11.770961,5.189687,2.1048308850777533e-25,8.825286729885759e-25,0.45493562231759654,0.028606023914030575
1,CG7884,13.383355,5.0640078,1.0740404661242754e-30,5.277840128374818e-30,0.5493562231759657,0.046768578780081733
1,CG13024,11.307059,4.9800477,6.446387875938918e-24,2.59934994997537e-23,0.4678111587982833,0.042076585439685184
1,Epac,20.042198,4.714459,8.161065604314903e-53,7.319341349161348e-52,0.759656652360515,0.0690177084909944
1,CG42590,9.440034,4.653931,4.008443032646544e-18,1.3383783080622853e-17,0.3261802575107296,0.013319206901770849
1,CG10211,4.8485656,4.6104383,2.27402650049431e-06,4.659890369865389e-06,0.12446351931330472,0.004994702588164069
2,lncRNA:CR44833,20.536827,7.015609,3.633976136754984e-51,1.2978486202696372e-50,0.74,0.06370481927710843
2,kirre,19.809061,6.7543893,4.040043148308858e-49,1.4052323994117768e-48,0.76,0.17349397590361446
2,CG43902,14.286872,6.6789,2.3716381095916028e-32,6.718521556916722e-32,0.585,0.025903614457831327
2,CG3588,6.2208543,6.240224,2.859517279269935e-09,5.3349202971454e-09,0.185,0.004367469879518073
2,CG9650,15.757327,6.0431905,6.72039883329978e-37,2.033403580423534e-36,0.62,0.05572289156626506
2,lncRNA:CR44357,14.937803,5.8727336,2.167283098957976e-34,6.318609617953282e-34,0.61,0.05677710843373494
2,rst,14.782887,5.8262563,6.797808410561609e-34,1.9732390161281885e-33,0.59,0.04503012048192771
2,lncRNA:CR32730,11.736229,5.67846,1.581992144968803e-24,4.030553235589307e-24,0.455,0.024397590361445783
2,lncRNA:CR45082,11.42534,5.581678,1.3859183134493732e-23,3.495380361789087e-23,0.445,0.029518072289156625
2,y,6.197943,5.474074,3.227227684919207e-09,6.004144530082245e-09,0.18,0.006325301204819277
2,bi,12.308004,5.42166,2.827731487972998e-26,7.354308161178147e-26,0.49,0.040512048192771086
2,lncRNA:CR32773,13.370341,5.200767,1.496836385152417e-29,4.0841374765413837e-29,0.545,0.08478915662650602
2,lncRNA:CR45482,4.9029446,4.996972,1.953263100379142e-06,3.266326254814619e-06,0.125,0.005421686746987952
2,CG43689,7.9593906,4.986519,1.2789819939178936e-13,2.718346427030592e-13,0.29,0.01897590361445783
2,lncRNA:CR43836,20.284506,4.974348,1.2344753006137742e-50,4.393150535992078e-50,0.815,0.30180722891566264
2,ovo,17.004782,4.791191,8.56486688265847e-41,2.7451496418777146e-40,0.695,0.12590361445783133
2,dhd,45.444435,4.661447,2.2362107130031605e-124,1.3192983557540769e-123,0.98,0.31069277108433735
2,CG15312,15.2196865,4.5955787,2.68909050281449e-35,7.979497040992551e-35,0.64,0.11039156626506023
2,asRNA:CR45481,9.2360525,4.5940547,3.8184831187586827e-17,8.717997988033522e-17,0.37,0.03629518072289157
2,CBP,11.146109,4.5370164,9.391846001856991e-23,2.3391895396904087e-22,0.445,0.05120481927710843
2,cac,10.176264,4.413115,7.187930938169767e-20,1.727868013983117e-19,0.415,0.0391566265060241
2,otu,11.210422,4.2027154,5.916502661474023e-23,1.4791256653685055e-22,0.475,0.07289156626506024
2,CG42450,6.922083,4.154529,5.924277132085431e-11,1.1731241845713725e-10,0.235,0.020933734939759037
2,Sep4,9.279612,4.1454043,2.856392396760021e-17,6.551358708165186e-17,0.365,0.04608433734939759
2,CG15309,11.773629,4.0164456,1.152876122962138e-24,2.948532283790634e-24,0.535,0.125
3,Eaat1,13.302997,9.804884,7.137018150535894e-23,3.641335791089742e-22,0.7555555555555555,0.004740740740740741
3,CG43333,22.95465,8.242312,2.8191740219139307e-39,2.647111757665663e-38,0.9111111111111111,0.0642962962962963
3,Cyp4p3,9.07387,8.19274,2.6365671108361937e-14,9.349528761830475e-14,0.6111111111111112,0.011259259259259259
3,CG43102,15.698322,8.126217,2.1805568672266294e-27,1.346022757547302e-26,0.8222222222222222,0.030666666666666665
3,AOX2,4.415044,7.926781,2.8294756129450153e-05,5.82596959657084e-05,0.2111111111111111,0.0025185185185185185
3,CG7881,4.037465,7.690817,0.00011419775824831597,0.0002210992415262652,0.17777777777777778,0.001925925925925926
3,lncRNA:CR42839,4.768072,7.572297,7.213575443805992e-06,1.5515479842446877e-05,0.2222222222222222,0.0011851851851851852
3,lncRNA:CR43771,2.9007735,7.085832,0.004689371357912467,0.007612615840766992,0.1,0.001037037037037037
3,Cyp4p1,3.5983422,6.767724,0.0005257784630613476,0.0009585751377599774,0.14444444444444443,0.0013333333333333333
3,CG10405,3.858548,6.73702,0.0002155086188716134,0.0004077741132859289,0.18888888888888888,0.001925925925925926
3,CG13737,53.15375,6.7149076,3.807338851480704e-71,6.043395002350323e-70,1.0,0.08385185185185186
3,CG14118,5.539464,6.69515,3.0437096692392843e-07,7.255565361714623e-07,0.32222222222222224,0.006222222222222222
3,Sur,15.669943,6.6913166,2.325053371586571e-27,1.430802074822505e-26,0.8222222222222222,0.06088888888888889
3,brp,5.5459013,6.4997497,2.961252120031388e-07,7.067427494108324e-07,0.28888888888888886,0.006518518518518518
3,AhcyL2,3.3580034,6.480216,0.001156632066703748,0.0020150384437347527,0.14444444444444443,0.0014814814814814814
3,Pif1A,4.04507,6.4748607,0.00011109918886512105,0.00021530850555256018,0.17777777777777778,0.0028148148148148147
3,t,3.7386246,6.436808,0.00032663575959317724,0.0006088271381047107,0.14444444444444443,0.002074074074074074
3,if,28.473099,6.2526975,6.739779202355311e-47,7.702604802691785e-46,0.9666666666666667,0.12177777777777778
3,CG31559,10.215696,6.250582,1.1366989774063502e-16,4.537720468688025e-16,0.6222222222222222,0.018814814814814815
3,hig,3.4251487,6.194729,0.0009312012888157187,0.0016394388887600684,0.13333333333333333,0.0016296296296296295
3,CG43901,9.31,6.0730004,8.486307031491024e-15,3.0971923472594976e-14,0.5666666666666667,0.01911111111111111
3,Muc4B,20.909784,6.062286,2.8609240566978003e-36,2.3742108354338593e-35,0.9222222222222223,0.11259259259259259
3,CG1632,6.8416176,6.061871,9.552437881622996e-10,2.6387949949234798e-09,0.4,0.008296296296296296
3,Achl,3.5518792,5.9364886,0.0006140012298494544,0.0011113144431664334,0.15555555555555556,0.004740740740740741
3,CG33284,8.642865,5.9110694,2.0355433311971228e-13,6.876835578368658e-13,0.5222222222222223,0.009481481481481481
4,hh,6.632482,8.694429,1.9256531404839786e-10,7.066617029299003e-10,0.1583011583011583,0.001063668135541711
4,CG32204,5.933857,8.671646,9.488218322691963e-09,3.0755975114074436e-08,0.13127413127413126,0.001063668135541711
4,Wnt4,10.087415,8.157476,2.1806881638024285e-20,1.201481081984809e-19,0.305019305019305,0.0031910044066251328
4,cas,8.253218,7.439745,7.995282407108867e-15,3.561373009848048e-14,0.22393822393822393,0.002279288861875095
4,upd1,5.849019,6.836886,1.4909061756984022e-08,4.748108839803829e-08,0.12355212355212356,0.002127336271083422
4,Notum,5.3981457,6.8314986,1.5258044886033138e-07,4.500898196469952e-07,0.10810810810810811,0.002127336271083422
4,robo2,25.19039,6.826544,1.0392417554496354e-71,1.539617415480941e-70,0.7644787644787645,0.03342956997416806
4,shf,7.379551,6.744264,2.1752526369188866e-12,8.771179987576156e-12,0.1891891891891892,0.00303905181583346
4,DIP-theta,5.239036,6.2302666,3.352714525361616e-07,9.55189323464848e-07,0.10424710424710425,0.001671478498708403
4,CG17716,8.741432,5.8219643,2.9804114872218545e-16,1.3894692248120535e-15,0.2471042471042471,0.010028870992250418
4,pk,13.629365,5.4508967,2.959070152077536e-32,2.2674867065728243e-31,0.4594594594594595,0.02628779820695943
4,CG42458,6.341191,5.271592,1.0120186179064806e-09,3.5323511968812587e-09,0.15057915057915058,0.008813250265917033
4,CG45263,15.277993,5.237204,4.811211454169531e-38,4.454825420527343e-37,0.5366795366795367,0.04437015651116852
4,otk,9.867841,5.218553,1.0538807794117201e-19,5.696652861684974e-19,0.30115830115830117,0.01367573317125057
4,CG46339,17.860731,4.998854,3.5180879727092164e-47,3.844904888206794e-46,0.6640926640926641,0.1451147242060477
4,Octalpha2R,17.464458,4.668162,7.126900367577392e-46,7.622353334307371e-45,0.640926640926641,0.07916729980246164
4,CG4928,7.436135,4.4680963,1.5187568115156028e-12,6.173808176892694e-12,0.20463320463320464,0.01777845312262574
4,Pgant2,6.294756,4.354853,1.3078040303280043e-09,4.540986216416682e-09,0.15444015444015444,0.011852302081750494
4,pdm3,5.3347516,4.3463225,2.087400902320375e-07,6.059218874660015e-07,0.11583011583011583,0.008509345084333687
4,sr,6.139865,4.310734,3.084478262137172e-09,1.0402962098270395e-08,0.14671814671814673,0.009724965810667072
4,ths,13.353331,4.1962595,2.400051789975494e-31,1.791083425354846e-30,0.4942084942084942,0.06594742440358609
4,ptc,16.4105,4.1915097,4.110805948202467e-42,4.1108059482024667e-41,0.637065637065637,0.14997720711138124
4,sick,21.421202,4.1691732,5.617301547221486e-60,7.248131028672885e-59,0.8301158301158301,0.3929493997872664
4,CG31431,5.4065447,4.1463485,1.4589249154948856e-07,4.3291540519136067e-07,0.11969111969111969,0.011396444309375475
4,Con,6.5536966,4.108667,3.015547648325697e-10,1.0886453604063886e-09,0.17374517374517376,0.021577267892417564
5,eag,10.644991,11.756854,1.9335884666760014e-21,8.910545929382495e-21,0.3744075829383886,0.0003017046311660884
5,Nlg2,8.988124,11.388007,1.4822442007374384e-16,5.778729827436407e-16,0.2985781990521327,0.0001508523155830442
5,lncRNA:CR45667,20.671173,10.488496,1.5781767911160699e-52,1.3261989841311513e-51,0.7393364928909952,0.002262784733745663
5,SK,28.734198,10.255771,1.0078130299023112e-74,1.0836699246261411e-73,0.8483412322274881,0.004525569467491326
5,Tbh,5.747135,10.117586,3.1644682859454905e-08,8.114021246014077e-08,0.14691943127962084,0.0001508523155830442
5,lncRNA:CR45665,13.351281,9.805759,7.608460280205236e-30,4.3852797004064764e-29,0.5023696682464455,0.0012068185246643535
5,CG42260,9.610399,9.508736,2.3496762619908833e-18,9.669449637822565e-18,0.33175355450236965,0.0013576708402473978
5,lncRNA:CR45666,17.35606,9.250808,1.8889564531443754e-42,1.3638674751944948e-41,0.6398104265402843,0.0031678986272439284
5,l(2)01289,5.9009547,9.134724,1.4321730437185699e-08,3.7888175759750524e-08,0.15165876777251186,0.0003017046311660884
5,CG15628,6.0294123,8.814608,7.3102847987635614e-09,1.9730863154557522e-08,0.15639810426540285,0.000754261577915221
5,mAChR-A,6.5084686,8.769444,5.482260316294098e-10,1.5890609612446663e-09,0.18009478672985782,0.000754261577915221
5,disco-r,10.387147,8.271731,1.1564485517253303e-20,5.162716748773796e-20,0.3744075829383886,0.002262784733745663
5,Pdfr,13.962173,8.264432,8.896333690692197e-32,5.391717388298301e-31,0.5355450236966824,0.003922160205159149
5,CG2861,6.5085454,7.9786034,5.478234585890069e-10,1.5890609612446663e-09,0.18009478672985782,0.0009051138934982652
5,X11Lbeta,11.344016,7.8962665,1.4118370035456004e-23,6.87025305861606e-23,0.4075829383886256,0.004525569467491326
5,kirre,101.7793,7.4371,1.8287786597915358e-211,4.063952577314524e-210,1.0,0.16488158093226732
5,lncRNA:CR44357,50.351414,7.3257704,9.226768815446704e-122,1.3874840323980006e-120,0.966824644549763,0.04450143309699804
5,chinmo,18.236567,7.291133,3.3671687477026955e-45,2.503471187883045e-44,0.6635071090047393,0.01040880977523005
5,Rgk1,7.5820055,7.2371707,1.0778494817416423e-12,3.5928316058054745e-12,0.23222748815165878,0.002262784733745663
5,futsch,8.292603,7.2006726,1.3181929720687396e-14,4.7760614930026794e-14,0.27488151658767773,0.0034696032584100164
5,CG34353,5.476798,6.8659472,1.2305549286161946e-07,3.0648939691561505e-07,0.13744075829383887,0.002262784733745663
5,CG32719,14.918511,6.652874,8.128010334482407e-35,5.160641482211052e-34,0.5829383886255924,0.013425856086890934
5,lncRNA:CR46148,27.921137,6.6111245,4.441340088831066e-73,4.555220603929298e-72,0.8388625592417062,0.020968471866043142
5,CG9650,33.414364,6.4396296,5.718385168012101e-87,6.727511962367177e-86,0.9004739336492891,0.04585910393724544
5,lncRNA:CR44833,39.04119,6.153615,1.0475857356830959e-100,1.3517235299136721e-99,0.9383886255924171,0.056267913712475484
6,nAChRalpha4,15.521393,4.5422993,7.322829469851644e-46,2.2156821391381676e-45,0.3870967741935484,0.057910734282514795
6,dhd,57.49067,4.514185,4.71847528633604e-309,5.454884724087907e-308,0.9558573853989814,0.2713165893457047
6,scro,8.136036,4.4153643,2.4135422729937064e-15,4.700179694242856e-15,0.12903225806451613,0.012957926731722925
6,CG45544,8.866715,4.0708685,8.778314600569133e-18,1.8155769597867907e-17,0.14261460101867574,0.016637338025915854
6,solo,8.657367,3.9865959,4.527920730890631e-17,9.203090916444372e-17,0.13921901528013583,0.013757798752199648
6,Marf1,16.084665,3.9778552,1.1457089310004798e-48,3.574754854915694e-48,0.4567062818336163,0.10286354183330668
6,asRNA:CR45189,8.589601,3.939889,7.687513817885908e-17,1.556176886211722e-16,0.13921901528013583,0.01743721004639258
6,Sox102F,8.54493,3.9390333,1.0858457860212236e-16,2.19141430074919e-16,0.14261460101867574,0.018717005279155336
6,beat-Ic,7.15834,3.9271567,2.4210183014001804e-12,4.405856781437999e-12,0.10186757215619695,0.011198208286674132
6,qin,12.262607,3.8665998,5.501402680335937e-31,1.392760172236946e-30,0.2631578947368421,0.04431290993441049
6,AGO3,16.804413,3.841454,2.901137766128576e-52,9.343438860317475e-52,0.534804753820034,0.21564549672052472
6,RpL10,53.23186,3.7952352,1.976131409872036e-273,1.9960923332040768e-272,0.9592529711375212,0.48200287953927373
6,fuss,8.809588,3.7046673,1.376270190787002e-17,2.834748075771374e-17,0.15449915110356535,0.026395776675731883
6,snRNA:U12,7.9443717,3.6455169,9.778231388328041e-15,1.8840522906219732e-14,0.13412563667232597,0.021116621340585506
6,Cyp1,37.929325,3.6342275,1.063696977378419e-176,7.115029949019525e-176,0.8726655348047538,0.2613981762917933
6,dpr6,11.33821,3.6217933,4.037478805212359e-27,9.659040203857318e-27,0.2529711375212224,0.05551111822108463
6,lncRNA:CR34335,47.60496,3.503815,2.9921826199668934e-235,2.5683970986840284e-234,0.9643463497453311,0.6520556710926252
6,CG40006,10.501348,3.500448,8.691574001916582e-24,1.9798574036256453e-23,0.22920203735144312,0.051351783714605664
6,CG31999,8.126017,3.3893445,2.57554627771177e-15,5.00592085075174e-15,0.13921901528013583,0.030875059990401535
6,zfh1,11.785128,3.3869052,5.535354742971702e-29,1.365068987169347e-28,0.27504244482173174,0.06175011998080307
6,Oseg1,7.578033,3.289162,1.3413695017626912e-13,2.502555040602036e-13,0.11884550084889643,0.01887697968325068
6,CG32373,7.6517653,3.257545,7.970783869751443e-14,1.4968608206105996e-13,0.12224108658743633,0.020796672532394818
6,me31B,27.857841,3.220741,2.3230399547796093e-114,1.1304330680192747e-113,0.765704584040747,0.23788193888977763
6,Df31,26.989925,3.2114482,1.4818705200847551e-109,7.056526286117882e-109,0.7470288624787776,0.23516237402015677
6,bru1,17.971758,3.2011979,1.8179564447879358e-58,6.225878235575123e-58,0.565365025466893,0.17933130699088146
7,CG1208,8.294927,29.59168,3.8775664412653604e-14,1.5206142906922983e-13,0.3353658536585366,0.0
7,CG13332,5.234535,27.731482,5.035486321338077e-07,1.3356727642806572e-06,0.1524390243902439,0.0
7,Vmat,22.182795,16.139626,4.1856670326604675e-51,3.9674569029957037e-50,0.774390243902439,0.0002995805871779509
7,pio,27.965784,14.1332035,4.232869277822625e-64,5.099842503400753e-63,0.8841463414634146,0.0005991611743559018
7,ckd,25.73984,12.942077,2.623555587498317e-59,2.883028118130019e-58,0.823170731707317,0.0026962252846015576
7,Abd-B,26.045893,12.067736,5.537545351003328e-60,6.118834641992628e-59,0.8658536585365854,0.0007489514679448772
7,Pkcdelta,22.315731,11.558565,1.9910370703905556e-51,1.9052986319526847e-50,0.7987804878048781,0.0007489514679448772
7,frm,18.673004,11.447031,2.429300485414045e-42,1.959113294688746e-41,0.75,0.002396644697423607
7,CG43078,20.258158,11.435828,2.2089778853943664e-46,1.9900701670219516e-45,0.7926829268292683,0.001048532055122828
7,CAH1,22.515223,11.383124,6.634230278430069e-52,6.379067575413528e-51,0.8292682926829268,0.0014979029358897543
7,lncRNA:iab8,14.82077,11.1800585,5.100406052132746e-32,3.2281050962865477e-31,0.6158536585365854,0.0005991611743559018
7,dpy,31.3797,10.941846,5.355104548223344e-71,7.188059796272945e-70,0.9390243902439024,0.0049430796884361895
7,CG10514,10.796203,10.853216,7.708766939825319e-21,3.778807323443784e-20,0.4634146341463415,0.0002995805871779509
7,dar1,11.144033,10.677786,8.429922971364056e-22,4.2361421966653544e-21,0.4817073170731707,0.0002995805871779509
7,IRSp53,17.438477,10.466639,4.178595673065952e-39,3.038978671320692e-38,0.7073170731707317,0.0019472738166566807
7,CG17111,11.427226,10.41974,1.3835063709840024e-22,7.224576349785913e-22,0.4817073170731707,0.0007489514679448772
7,lncRNA:CR42651,4.065079,10.114322,7.453623449390138e-05,0.0001652688126250585,0.10365853658536585,0.00014979029358897544
7,CG11892,24.837503,10.113968,2.63921806476147e-57,2.8226931173919464e-56,0.8536585365853658,0.0046434991012582385
7,CCHa2,6.4649897,10.0517,1.1248369533988329e-09,3.5539872145302778e-09,0.22560975609756098,0.0004493708807669263
7,SoxN,6.0335813,9.619684,1.0430063050660286e-08,3.104185431744133e-08,0.2073170731707317,0.0002995805871779509
7,CG6409,5.6174736,9.359519,8.195760598317013e-08,2.3250384676076635e-07,0.18902439024390244,0.0004493708807669263
7,Tsp29Fb,14.616836,9.358104,1.8507845522705405e-31,1.1531367926919255e-30,0.6097560975609756,0.0014979029358897543
7,abd-A,70.81739,9.298636,1.5195269685750249e-125,3.4931654450000574e-124,0.9939024390243902,0.019772318753744758
7,Ugt49C1,11.351683,9.257267,2.2400445936084697e-22,1.1576457848105787e-21,0.4817073170731707,0.0017974835230677051
7,CG9400,15.2022,9.04377,4.544340419202471e-33,2.903731897253975e-32,0.6463414634146342,0.003744757339724386
8,CG8927,4.7931566,8.304909,3.168208068914748e-06,6.063556112755499e-06,0.11274509803921569,0.0004520795660036166
8,CG18088,20.619453,7.434481,9.960990434619218e-52,7.489466492194901e-51,0.75,0.028179626280892104
8,CG11131,7.3169355,7.2578125,5.775304774629214e-12,1.4846541837093095e-11,0.23039215686274508,0.0018083182640144665
8,CG13012,26.11315,6.664582,5.457173998654369e-67,5.247282691013817e-66,0.8676470588235294,0.036317058468957206
8,pwn,58.69449,6.6250887,5.80365194656573e-133,1.4330004806335134e-131,0.9852941176470589,0.074291742013261
8,Vajk4,5.654089,6.4760637,5.2619294449334723e-08,1.1159977613856782e-07,0.1568627450980392,0.0019590114526823387
8,Femcoat,96.55549,6.42274,2.060857152105268e-209,1.0846616590027727e-207,1.0,0.35201928872814947
8,CR33319,8.608709,6.382965,2.029997581050407e-15,5.9183602946075994e-15,0.29901960784313725,0.004671488848704038
8,DIP-kappa,8.220687,6.2592883,2.3641097375128436e-14,6.64075768964282e-14,0.27450980392156865,0.004972875226039783
8,Pgant9,146.40462,6.2025623,0.0,0.0,1.0,0.5161241711874623
8,rk,15.205448,5.8949256,2.0728681334848105e-35,1.0602906053630744e-34,0.696078431372549,0.044755877034358044
8,Acer,34.968838,5.812419,4.923846780912373e-89,6.609190309949495e-88,0.9607843137254902,0.1274864376130199
8,CG18268,24.174286,5.6899924,6.042542990889424e-62,5.2090887852495034e-61,0.8382352941176471,0.05364677516576251
8,Tusp,59.330048,5.641308,6.299381818030857e-140,1.6577320573765414e-138,0.9901960784313726,0.12371910789632308
8,CG31926,35.31463,5.603845,6.342446183013457e-90,8.808953031963135e-89,0.9509803921568627,0.11648583484026521
8,CG6055,7.182358,5.5917444,1.2671770348117792e-11,3.22847652181345e-11,0.25,0.005877034358047016
8,Epac,27.577435,5.55893,4.431349667644806e-71,4.568401719221449e-70,0.8774509803921569,0.06841470765521399
8,lncRNA:CR44472,10.740684,5.324792,1.3094406358611726e-21,4.676573699504187e-21,0.4117647058823529,0.01431585292344786
8,CG15249,9.869494,5.24848,5.047540799283452e-19,1.6686085286887445e-18,0.4117647058823529,0.017932489451476793
8,CG3014,13.902215,5.2217855,2.391704407626328e-31,1.1335091979271698e-30,0.5637254901960784,0.02245328511151296
8,Tie,44.568516,5.215303,6.988715099363904e-112,1.3311838284502676e-110,0.9803921568627451,0.18505123568414708
8,Muc12Ea,24.574387,5.200765,1.503172141877202e-63,1.3481364501140824e-62,0.8823529411764706,0.22573839662447256
8,slif,34.35072,5.1367846,1.2505603498943104e-88,1.656371324363325e-87,0.9656862745098039,0.27531645569620256
8,CG13084,56.24464,5.071015,1.3413216825233584e-136,3.4392863654445085e-135,1.0,0.24608197709463533
8,lncRNA:CR45232,17.79443,5.058636,2.0524374080007932e-43,1.2867946131666415e-42,0.7254901960784313,0.05650994575045208
9,GstT4,43.82792,6.565665,6.062511848644164e-159,1.5544902176010676e-157,0.8951219512195122,0.07496111975116641
9,Jhe,8.955667,6.180945,1.1956563627584984e-17,3.826100360827195e-17,0.1926829268292683,0.005132192846034215
9,CG34417,63.955315,6.109342,6.347936239499411e-233,3.255351917692006e-231,0.9804878048780488,0.22348367029548988
9,lncRNA:CR45756,19.151333,5.902076,6.798277141999101e-59,4.8214731503539726e-58,0.5317073170731708,0.02255054432348367
9,Ilp8,51.56463,5.672575,4.2370080428810495e-191,1.5988709595777546e-189,0.9439024390243902,0.19751166407465007
9,lncRNA:CR43250,23.046171,5.388508,3.264043770888434e-76,2.8758094897695453e-75,0.6609756097560976,0.05738724727838258
9,dpr8,26.26758,5.22287,1.629480942143467e-90,1.742760365928842e-89,0.7317073170731707,0.09704510108864697
9,CG3348,19.221115,5.092703,2.6960782118530783e-59,1.939624612843941e-58,0.6,0.06485225505443235
9,Irc,30.013987,4.943455,1.6383899150771963e-106,2.2291019252750972e-105,0.7829268292682927,0.07869362363919129
9,Octbeta2R,41.12025,4.929274,3.959361804893324e-159,1.0284056636086556e-157,0.9390243902439024,0.23810264385692068
9,plx,68.930176,4.9222293,1.3502217363690934e-263,8.711107976574796e-262,0.9829268292682927,0.2534992223950233
9,lncRNA:CR44914,12.410989,4.8915896,2.9114066935773256e-30,1.2939585304788114e-29,0.3121951219512195,0.019440124416796267
9,Gadd45,33.289104,4.6285157,2.353142311441546e-121,3.889491423870324e-120,0.8609756097560975,0.1749611197511664
9,CG14535,8.613129,4.6107464,1.5325290801612568e-16,4.686633272664394e-16,0.18292682926829268,0.01088646967340591
9,sog,33.407753,4.441172,9.008921036902558e-123,1.5014868394837597e-121,0.8682926829268293,0.17371695178849145
9,Dscam1,9.163352,4.433318,2.4046658248638314e-18,7.871246562565734e-18,0.2073170731707317,0.015707620528771383
9,Nrg,63.297436,4.4054294,1.3063601159897848e-277,1.0048923969152191e-275,1.0,0.5202177293934681
9,CG33080,12.684316,4.350566,2.3100433894517e-31,1.0596529309411467e-30,0.348780487804878,0.030793157076205287
9,Lac,46.430172,4.2912717,3.398879124934705e-176,1.1143865983392474e-174,0.9390243902439024,0.22457231726283047
9,CG16700,26.438564,4.2420936,1.0860392111334164e-91,1.1804774034058874e-90,0.7414634146341463,0.10793157076205288
9,Ugt301D1,27.6102,4.241581,7.554769536589972e-97,8.993773257845204e-96,0.8048780487804879,0.18195956454121306
9,Nha1,23.672016,4.11249,1.459390980447216e-79,1.332777151093348e-78,0.7024390243902439,0.10762052877138413
9,CG15279,7.613311,4.0943575,1.8383412997767338e-13,5.127869734384195e-13,0.15365853658536585,0.012130637636080872
9,Oatp74D,41.54983,4.0792756,3.0136229801102296e-161,8.144926973270892e-160,0.948780487804878,0.2513219284603421
9,mgl,76.94746,4.061101,0.0,0.0,1.0,0.6076205287713842
10,CG5326,55.950985,5.6132016,0.0,0.0,0.8228678537956888,0.09527108955482418
10,ana,21.792368,5.19521,1.3000210676902816e-87,1.0038772723477077e-86,0.3580131208997188,0.024077602632946477
10,Ccdc85,42.867264,4.5943527,7.880150835590114e-243,2.4625471361219106e-241,0.7507029053420806,0.1347652866793695
10,spri,86.709,4.490418,0.0,0.0,0.9775070290534208,0.39615451238524163
10,bond,37.443943,4.4284735,1.4981543939647716e-201,3.4840799859645857e-200,0.6682286785379569,0.10064091460245973
10,CG8303,43.172226,4.408769,3.6664575477762357e-246,1.163954777071821e-244,0.7432052483598875,0.1214273341416941
10,CrebA,48.487473,4.257616,3.328790524868321e-291,1.5482746627294518e-289,0.8200562324273665,0.2180841849991339
10,CG31145,57.542507,3.8495767,0.0,0.0,0.9034676663542643,0.28875801143253077
10,H15,13.563788,3.8416739,7.523450054338421e-39,3.242866402732078e-38,0.1893158388003749,0.027022345401004677
10,nemy,15.17715,3.7833242,2.23199071327314e-47,1.083490637511233e-46,0.21930646672914714,0.027888446215139442
10,Tsp74F,44.645588,3.749866,7.355550429450694e-266,2.7242779368335905e-264,0.8256794751640113,0.2778451411744327
10,lncRNA:CR43314,44.97317,3.5821443,5.888052336498382e-280,2.4032866679585232e-278,0.8650421743205249,0.34193660142040533
10,CG42747,50.455067,3.5043304,0.0,0.0,0.9062792877225867,0.3261735666031526
10,pip,18.57824,3.4611056,2.2240765544085016e-67,1.3728867619805564e-66,0.32239925023430177,0.05560367226745193
10,CG4629,19.872948,3.3719835,1.0774796949692281e-75,7.280268209251541e-75,0.3580131208997188,0.05768231422137537
10,CG42524,32.03568,3.3476653,1.3081066393041818e-164,2.1621597343870774e-163,0.6588566073102156,0.17218084184999133
10,CG31869,34.790226,3.3227286,2.322801687173598e-188,4.995272445534619e-187,0.7731958762886598,0.31889831976442057
10,Cad86C,21.966425,3.3150787,1.0820650732167663e-89,8.622032455910488e-89,0.41705716963448924,0.06807552399099255
10,shd,11.07322,3.2157044,4.13114925093183e-27,1.3500487748143235e-26,0.14058106841611998,0.02165252035336913
10,rols,40.584526,3.1373005,7.791043450977234e-249,2.5544404757302405e-247,0.8491096532333646,0.27767192101160576
10,ELOVL,30.70009,3.135044,4.026112179545985e-156,5.877536028534284e-155,0.6747891283973758,0.18326693227091634
10,lncRNA:CR43146,10.519399,2.9896288,9.352155100396356e-25,2.9455606615421592e-24,0.13214620431115276,0.01974709856227265
10,mid,17.129618,2.9866745,1.0158910694319171e-58,5.6912664954169025e-58,0.3261480787253983,0.09146024597263122
10,CG17816,25.71783,2.950475,2.31720022631718e-117,2.4782890121039358e-116,0.5801312089971884,0.16369305387147065
10,peb,40.85179,2.9209898,4.544401925740481e-257,1.54047522906457e-255,0.8734770384254921,0.34522778451411745
11,dhd,96.732285,6.010488,0.0,0.0,0.9962073324905183,0.24318069102330964
11,Cyp1,92.206276,5.3696756,0.0,0.0,0.9785082174462706,0.22714498264175897
11,CycB,67.861885,5.27209,0.0,0.0,0.9355246523388117,0.14101504380889404
11,Df31,89.97135,5.2694454,0.0,0.0,0.97724399494311,0.18796495288477436
11,me31B,83.89184,5.1788483,0.0,0.0,0.9671302149178256,0.19391634980988592
11,RNASEK,50.064903,5.068207,2.6715214373291105e-257,2.8420440822650114e-256,0.8445006321112516,0.10679451148950239
11,gnu,50.363182,5.0067186,1.0462340987674039e-260,1.1434252445545397e-259,0.8558786346396966,0.10977020995205819
11,Nlp,56.316364,4.919461,5.368375947743228e-297,6.429192751788297e-296,0.8761061946902655,0.13241858158373285
11,CG11825,14.087762,4.914051,1.9566686885201456e-40,5.638814664323187e-40,0.23261694058154236,0.008431145643908084
11,smt3,59.7561,4.8490825,0.0,0.0,0.9026548672566371,0.1444866920152091
11,CG11267,56.031273,4.8173256,1.5557767255104246e-297,1.897288689646859e-296,0.8862199747155499,0.1448173251777153
11,roh,46.341835,4.766192,1.4426517966588057e-236,1.428368115503768e-235,0.8179519595448799,0.11935857166473797
11,hoip,50.02469,4.7444496,1.993731540700035e-260,2.1670995007609076e-259,0.8470290771175727,0.12398743593982477
11,wisp,50.252773,4.7280326,1.5471296279835066e-264,1.7001424483335237e-263,0.8533501896333755,0.11853198875847247
11,fabp,66.65788,4.6964736,0.0,0.0,0.9355246523388117,0.23689866093569184
11,BigH1,45.10514,4.6962767,2.9377456548453496e-230,2.838401598884396e-229,0.8141592920353983,0.11010084311456439
11,His2Av,55.632164,4.673038,2.2070851093380387e-297,2.675254677985501e-296,0.8862199747155499,0.1494461894528021
11,CG32267,34.24598,4.6694407,4.462293070769331e-161,3.045933836702615e-160,0.6801517067003793,0.06463878326996197
11,CG14545,35.776382,4.650233,9.039707560312915e-171,6.433955558941576e-170,0.7029077117572693,0.06943296412630187
11,COX7A,39.862103,4.618629,1.2894826620599551e-196,1.0074083297343399e-195,0.7597977243994943,0.09968589849561911
11,pgc,39.767506,4.5639606,3.595507629884705e-197,2.842298521647988e-196,0.786346396965866,0.10745577781451479
11,UK114,28.702879,4.5406647,3.695274707563403e-126,2.0586488621523137e-125,0.5916561314791403,0.048933708050917506
11,RpL10,83.03547,4.537686,0.0,0.0,0.9873577749683944,0.4623904777649198
11,mtrm,29.739809,4.5289783,1.1609043556328811e-132,6.633739175045036e-132,0.6144121365360303,0.056372954207306994
11,cype,43.187965,4.51158,1.5714958561829298e-218,1.455088755724935e-217,0.8053097345132744,0.12316085303355927
12,Ldsdh1,6.2148423,7.2331085,1.9289317494946526e-09,4.1304748383183134e-09,0.13602941176470587,0.0009135200974421437
12,l(3)72Dr,15.878855,7.2017055,1.3199372207932053e-40,6.534342677194085e-40,0.5404411764705882,0.0062423873325213155
12,CG15570,70.12491,6.977292,1.69927500708269e-182,5.962368445904175e-181,0.9742647058823529,0.10444579780755177
12,srp,170.50761,6.8410997,0.0,0.0,1.0,0.2321863580998782
12,Cad74A,64.145805,6.5424285,1.475132419228832e-171,4.403380355906961e-170,0.9852941176470589,0.060444579780755174
12,CG43333,16.987253,6.3860226,1.2222962288490794e-44,6.518913220528424e-44,0.6470588235294118,0.05176613885505481
12,CG7888,43.94766,6.37358,1.5817408315858926e-127,3.163481663171785e-126,0.9632352941176471,0.12911084043848964
12,Slc45-1,18.513319,6.3541217,4.319970691960959e-50,2.5714111261672373e-49,0.6580882352941176,0.040194884287454324
12,CG7912,6.712049,6.3245525,1.1170243849179332e-10,2.4795213871652234e-10,0.16176470588235295,0.001979293544457978
12,RhoGEF64C,68.73839,6.24842,2.018159864465017e-194,7.76215332486545e-193,0.9963235294117647,0.2740560292326431
12,yellow-g,44.91459,6.2058296,3.6123442594040473e-131,7.604935282955888e-130,1.0,0.3692143727161998
12,CG1077,22.806854,6.156617,3.538608820651524e-65,2.7115776403459953e-64,0.7610294117647058,0.05115712545676005
12,Pgant9,152.3455,6.1293826,0.0,0.0,1.0,0.5111144945188795
12,CG32645,29.688282,6.0753765,4.7027581690246557e-88,5.196417866325586e-87,0.8860294117647058,0.08115103532277711
12,CG13737,34.730537,6.008243,5.710819383131999e-103,7.931693587683332e-102,0.9044117647058824,0.06242387332521315
12,CG33223,27.349377,5.804132,2.7227163903572195e-80,2.6563086735192387e-79,0.8419117647058824,0.04186967113276492
12,lncRNA:CR45170,19.34019,5.7758636,4.5594138833966465e-53,2.8144530144423743e-52,0.6544117647058824,0.02192448233861145
12,CG13114,38.252007,5.706072,1.812768863158778e-113,2.9717522346865216e-112,0.9742647058823529,0.26004872107186355
12,Muc4B,22.64853,5.6500845,1.0107106566122675e-64,7.656898913729298e-64,0.7941176470588235,0.09546285018270402
12,lncRNA:CR45156,23.467152,5.444845,1.4225891290718478e-67,1.1335371546389226e-66,0.7941176470588235,0.07216808769792936
12,CG1124,8.913367,5.430561,7.374196838203194e-17,1.99842732742634e-16,0.2867647058823529,0.008982947624847746
12,siz,53.056202,5.3754787,1.1031055155785413e-154,2.8284756809706186e-153,0.9889705882352942,0.4037758830694275
12,Rgl,63.88456,5.3726344,7.27831674398983e-183,2.599398837139225e-181,0.9963235294117647,0.3163824604141291
12,tok,16.94955,5.3145742,1.5434317355972921e-44,8.187966767094388e-44,0.5919117647058824,0.03258221680876979
12,CG30334,6.6130347,5.298851,1.9894098547238928e-10,4.381960032431482e-10,0.17279411764705882,0.0047198538367844095
13,CG34375,6.968737,6.5908484,2.008634429909421e-11,5.059532569041362e-11,0.1617161716171617,0.002294630564479119
13,CG7910,10.867638,5.8207564,1.8983166216555827e-23,6.86552123564406e-23,0.3234323432343234,0.008260670032124828
13,comm3,12.425917,5.6834,6.278472294729022e-29,2.6160301228037592e-28,0.40924092409240925,0.01958084748355515
13,CG13138,15.836328,5.6786404,1.3715632962849146e-41,7.74894517675093e-41,0.5346534653465347,0.021722502677068992
13,CG8051,6.380178,5.6183324,6.61808943897669e-10,1.5719927408495702e-09,0.1353135313531353,0.0030595074193054917
13,CG6847,20.472464,5.5939155,3.5347854223169643e-59,2.7295640326771925e-58,0.6798679867986799,0.038549793483249196
13,CG15431,10.781519,5.4302096,3.7128758115395667e-23,1.3307798607668697e-22,0.3432343234323432,0.017133241548110755
13,CG15721,37.82298,5.3245378,9.897744697380248e-120,2.0199478974245405e-118,0.9372937293729373,0.14716230686859416
13,lectin-46Ca,11.523205,5.243487,9.978025877138668e-26,3.837702260437949e-25,0.34983498349834985,0.011167202080465045
13,CG12926,9.97829,5.215665,1.837326632351863e-20,6.196717141152996e-20,0.297029702970297,0.011473152822395595
13,DOR,55.290787,5.1468573,4.2360570538602774e-179,1.7650237724417823e-177,0.976897689768977,0.26525929325378617
13,sand,7.7127585,5.1154146,1.7879797512584914e-13,4.858640628419814e-13,0.20132013201320131,0.008260670032124828
13,Pvf1,65.2184,4.979056,1.7713589146871162e-206,9.08389187019034e-205,0.9933993399339934,0.27367293865687625
13,rut,47.68749,4.9635344,6.596667770478151e-154,2.0297439293778927e-152,0.9702970297029703,0.1979501300290653
13,Nrg,50.786503,4.899778,1.4453933691974632e-169,5.255975887990775e-168,0.9966996699669967,0.5282239559430931
13,asRNA:CR43636,9.4226265,4.8989267,1.1707630196929188e-18,3.7404569319262586e-18,0.26732673267326734,0.011779103564326144
13,slow,20.203638,4.871558,2.8418113748488773e-58,2.1860087498837517e-57,0.66996699669967,0.08291265106317883
13,prage,54.651627,4.851486,7.244360100282075e-179,2.95688167358452e-177,0.9933993399339934,0.4341441027994493
13,CG32137,74.18182,4.7703934,2.9659448272440597e-248,1.9135127917703612e-246,0.9933993399339934,0.2949365152210494
13,CG1648,21.635424,4.711464,1.006290562998488e-63,8.420841531368101e-63,0.7194719471947195,0.07128652286981796
13,Cyp4aa1,11.217941,4.668941,1.134575525715985e-24,4.297634567106003e-24,0.38613861386138615,0.027841517515679974
13,Paip2,82.126976,4.5854816,2.4163458691305054e-285,2.196678062845914e-283,0.9933993399339934,0.3928407526388252
13,Nha2,6.3146014,4.5315704,9.599821530595375e-10,2.264108851555513e-09,0.13861386138613863,0.00566008872571516
13,CG12517,20.763418,4.5028176,1.7017753928465898e-60,1.350615391148087e-59,0.6897689768976898,0.053541379837846105
13,CG1698,13.557357,4.48583,4.1451361849349686e-33,1.9058097401999856e-32,0.5247524752475248,0.06470858191831115
14,NKCC,11.3486805,7.097805,5.303997621443472e-25,1.971746327674153e-24,0.3423728813559322,0.0035141329258976317
14,Tusp,64.91199,6.0744805,1.6141862749871933e-187,5.9784676851377535e-186,0.9796610169491525,0.1121466768525592
14,Muc12Ea,97.98548,5.8846836,2.0434210500055665e-289,2.0434210500055664e-287,1.0,0.21130634071810542
14,Octbeta2R,71.726845,5.850984,1.4382930947651945e-232,8.989331842282465e-231,0.9966101694915255,0.2478227654698243
14,CG15927,8.458347,5.215431,1.2734295576186273e-15,3.602346697648168e-15,0.23389830508474577,0.006111535523300229
14,DOR,92.110756,5.2052827,0.0,0.0,1.0,0.26508785332314744
14,nahoda,67.70789,5.1464653,5.84790832443261e-215,2.9239541622163047e-213,0.9898305084745763,0.240183346065699
14,Ilp7,10.830609,4.9653225,3.0425684051336863e-23,1.0770153646490926e-22,0.3389830508474576,0.012987012987012988
14,rut,41.873093,4.907014,2.6293734371029217e-133,5.3660682389855544e-132,0.9627118644067797,0.19923605805958747
14,pigs,34.003788,4.8491564,7.424409786446066e-107,1.0682604009274915e-105,0.9220338983050848,0.19923605805958747
14,Mco1,21.552763,4.7326946,5.874684624752026e-63,4.501674041955576e-62,0.7288135593220338,0.047517188693659285
14,CG15120,6.8251257,4.7206407,4.987843530687382e-11,1.1975614719537532e-10,0.16271186440677965,0.006569900687547746
14,Oamb,53.379482,4.708266,1.2396527384070196e-171,3.700455935543342e-170,0.9830508474576272,0.18258212375859434
14,CG31183,23.741589,4.637547,5.54593841022683e-71,4.886289348217471e-70,0.7762711864406779,0.09992360580595874
14,CG31928,40.655502,4.593161,2.854784048051761e-128,5.543269996217012e-127,0.9830508474576272,0.24094728800611154
14,Tret1-1,35.933994,4.5066338,2.575857889143952e-114,4.222717851055659e-113,0.9627118644067797,0.2504201680672269
14,Nha1,32.351322,4.496903,2.4210567465471272e-101,3.228075662062836e-100,0.8915254237288136,0.1095492742551566
14,Ilp8,33.684658,4.4228535,1.3920391726056938e-107,2.0321739746068522e-106,0.9152542372881356,0.21191749427043544
14,Cat,37.52232,4.4179273,8.307614827589466e-119,1.420105098733242e-117,0.9322033898305084,0.1650114591291062
14,Men,75.06922,4.4084907,1.194630976724296e-258,8.533078405173542e-257,1.0,0.33017570664629486
14,CG9864,63.309933,4.3081517,3.4846997856571594e-220,1.9912570203755194e-218,0.9932203389830508,0.2776165011459129
14,Nrg,57.940266,4.273645,5.122960217494025e-208,2.3827721941832675e-206,1.0,0.5286478227654698
14,drd,18.293917,4.2724824,9.776625246509338e-51,6.369136968409992e-50,0.6576271186440678,0.11199388846447669
14,CG9626,9.908274,4.171208,3.529078629333975e-20,1.1693687116932104e-19,0.30847457627118646,0.019556913674560732
14,sog,20.44366,4.140132,5.150024432854879e-59,3.772911672421156e-58,0.7728813559322034,0.19022154316271964
15,CG15890,65.14857,10.05039,1.0961022409822951e-87,1.611915060268081e-86,0.9906542056074766,0.014406653794742314
15,amd,65.32404,9.941215,6.610439414181549e-88,9.866327483853057e-87,0.9906542056074766,0.02688251893658102
15,snu,114.795746,8.864008,4.06559366493697e-119,9.454868988225513e-118,1.0,0.11465914154166047
15,CG7365,21.01295,8.754836,1.3293819857535179e-39,7.553306737235898e-39,0.897196261682243,0.006386454774988861
15,CG5973,137.37009,8.547022,2.026287286799759e-139,6.234730113230028e-138,1.0,0.22946680528739047
15,alpha-Est8,20.995062,8.5338,1.4148721786401978e-39,7.993628127910723e-39,0.8691588785046729,0.012772909549977722
15,Cp7Fb,112.64359,8.270784,1.249587837683989e-128,3.423528322421888e-127,1.0,0.514183870488638
15,Msr-110,67.80883,8.239506,1.218061207047861e-90,1.9805873285331072e-89,1.0,0.06549829199465321
15,CG32645,53.867844,7.783598,8.569887835978718e-81,1.0987035687152202e-79,1.0,0.09906431011436209
15,CG4998,4.835217,7.7785883,4.522944199800066e-06,7.778063972141128e-06,0.21495327102803738,0.0014852220406950838
15,dsb,60.426186,7.696078,2.3849670197911064e-85,3.289609682470492e-84,1.0,0.07158770236150304
15,ple,5.114293,7.521691,1.4076608771067894e-06,2.50028574974563e-06,0.24299065420560748,0.0019307886529036091
15,comm2,22.193003,7.4590826,1.0885936943892982e-41,6.499066832174915e-41,0.9065420560747663,0.019753453141244617
15,CG43394,125.031654,7.2669168,3.050193561428554e-138,8.971157533613394e-137,1.0,0.19070251002524877
15,CG42237,10.336399,7.262035,9.663168014388906e-18,2.760905146968259e-17,0.5607476635514018,0.005940888162780335
15,Eip74EF,115.65926,7.21544,3.1587747488370246e-132,8.897957038977535e-131,1.0,0.2651121342640725
15,CG3823,18.083475,7.0820246,3.347524544152363e-34,1.628965714915992e-33,0.8317757009345794,0.015000742611020348
15,Cp7Fc,39.641834,6.5779676,1.2473935424801135e-66,1.2663893832285416e-65,0.9906542056074766,0.2373384821030744
15,emp,35.62929,6.5619097,3.219910496498275e-61,2.8369255475755725e-60,0.9813084112149533,0.0530224268528145
15,CG5191,41.574074,6.4519978,3.071173692214032e-68,3.19913926272295e-67,0.9719626168224299,0.07901381256497847
15,CG5160,4.6250815,6.441198,1.0621422473080633e-05,1.7821178646108446e-05,0.19626168224299065,0.0020793108569731175
15,CG2772,5.107067,6.4390783,1.4508198995719793e-06,2.570097253449033e-06,0.2336448598130841,0.003267488489529185
15,CG2841,71.37056,6.353397,2.1058372142725764e-99,3.828794935041048e-98,0.9906542056074766,0.26110203475419574
15,Osi2,4.658857,6.3321056,9.271092497688526e-06,1.5634220063555696e-05,0.18691588785046728,0.0017822664488341008
15,Obp19d,4.615281,6.2892866,1.1042972931921059e-05,1.84974420970202e-05,0.18691588785046728,0.0014852220406950838
16,CG7512,42.26162,7.650734,6.050305137494257e-165,1.3011408897837112e-163,0.84472049689441,0.015258769859996853
16,CG11529,12.462655,6.5872006,4.158153874407122e-31,1.952184917562029e-30,0.2753623188405797,0.00408997955010225
16,Cln3,27.721777,6.5723305,4.133749741474813e-102,4.892011528372559e-101,0.6770186335403726,0.022652194431335537
16,CG4462,12.529457,6.40772,2.1899291673313565e-31,1.0354275022843293e-30,0.2712215320910973,0.0036180588327827594
16,dpp,25.767307,6.3710985,6.354070202929124e-93,6.618823128051171e-92,0.6376811594202898,0.020921818467830738
16,cv-2,35.672813,6.047041,3.831352555900461e-139,6.385587593167436e-138,0.8178053830227743,0.0924964605946201
16,Hr4,31.26678,5.645712,4.687745395075675e-119,6.51075749316066e-118,0.7577639751552795,0.10555293377379267
16,ImpL2,58.20725,5.635207,8.265713918914283e-244,4.132856959457141e-242,0.9606625258799172,0.3106811389019978
16,CG17839,38.63168,5.6092296,4.49525535436464e-152,8.481613876159698e-151,0.8467908902691511,0.1261601384300771
16,CG13003,16.307909,5.603695,5.406581598879517e-48,3.4003657854588155e-47,0.4244306418219462,0.019034135598552777
16,beat-IIIc,36.45555,4.969739,2.1737984068235332e-144,3.747928287626781e-143,0.84472049689441,0.10917099260657542
16,CG32568,6.9995522,4.944394,8.58061262443177e-12,2.1973399806483407e-11,0.10559006211180125,0.003146138115463269
16,CG17124,43.335342,4.6869655,3.3446786769576637e-177,8.801785991993852e-176,0.8923395445134575,0.1596665093597609
16,CG32982,26.551678,4.5619802,1.6783585424635112e-97,1.8648428249594569e-96,0.7018633540372671,0.10083372660059776
16,CG11378,27.126059,4.4576507,3.347363054508336e-100,3.84754374081418e-99,0.7080745341614907,0.08101305647317918
16,Sam-S,52.637577,4.416275,7.904156461630754e-227,3.676351842618955e-225,0.9668737060041408,0.5222589271669026
16,CG10089,11.204429,4.3928714,4.4132047838420416e-26,1.801308075037568e-25,0.2463768115942029,0.015730690577316343
16,Fbxl7,10.431657,4.382616,3.882037769366596e-23,1.4539467300998488e-22,0.21739130434782608,0.009595721252162969
16,Dg,43.355324,4.340194,3.8471716582175974e-179,1.0686587939493328e-177,0.9192546583850931,0.2737140160453044
16,rols,56.288204,4.28063,3.158403700601034e-255,1.7072452435681266e-253,0.9668737060041408,0.32122070158879973
16,su(r),8.4369545,4.229963,3.717614965279613e-16,1.1113946084542938e-15,0.15527950310559005,0.007865345288658171
16,eya,36.68398,4.22659,1.637798951498123e-149,3.005135690822244e-148,0.8695652173913043,0.16171149913481203
16,Galphaf,10.289951,4.1709633,1.315079274046116e-22,4.81714019797112e-22,0.21325051759834368,0.013843007708038382
16,CG12290,24.626486,4.1029143,3.188953238209586e-88,3.1889532382095855e-87,0.6770186335403726,0.11483404121440931
16,CG10062,11.147412,4.0790606,7.064925304209836e-26,2.8777699813482024e-25,0.2525879917184265,0.015416076765770018
17,Dh44-R2,10.98144,11.531537,1.080933612182872e-20,4.7934971715426695e-20,0.5174825174825175,0.00029864118261908315
17,sNPF-R,14.548211,10.792049,6.269813503085001e-30,3.473580888135735e-29,0.6643356643356644,0.0008959235478572496
17,Poxm,22.698008,10.647226,4.249920996593803e-49,3.601627963215088e-48,0.8461538461538461,0.002090488278333582
17,CAH5,9.052614,10.565076,9.768900124763044e-16,3.571809917646451e-15,0.4405594405594406,0.0004479617739286248
17,CG33494,13.922441,10.057536,2.499705490273001e-28,1.3261037083676398e-27,0.6223776223776224,0.000746602956547708
17,CG9701,6.455121,9.883325,1.5971579738871386e-09,4.393832115232843e-09,0.27972027972027974,0.0004479617739286248
17,tbc,15.58996,9.665936,1.4503326501069614e-32,8.531368530040949e-32,0.7272727272727273,0.0034343736001194564
17,CG33143,7.5787773,9.644865,4.113024399815824e-12,1.2913734379327547e-11,0.32167832167832167,0.0005972823652381663
17,Spn43Ad,6.911978,9.217359,1.4904174963414846e-10,4.332609000992688e-10,0.26573426573426573,0.0005972823652381663
17,Trim9,29.628933,8.786943,1.027674417486085e-62,1.1050262553613818e-61,0.9440559440559441,0.013289532626549201
17,CG2736,10.907831,8.7664,1.6751903849980337e-20,7.363474219771577e-20,0.4965034965034965,0.001791847095714499
17,CG8046,6.954107,8.302665,1.1925469165723018e-10,3.476813167849276e-10,0.27972027972027974,0.0008959235478572496
17,jp,25.957052,8.202588,8.137348158460097e-56,7.977792312215782e-55,0.9090909090909091,0.020606241600716738
17,htl,13.145812,8.195367,2.5109390146465696e-26,1.2681510174982674e-25,0.6153846153846154,0.004180976556667164
17,CG32032,8.087544,7.9016075,2.433742115863416e-13,8.072113153775841e-13,0.34965034965034963,0.001493205913095416
17,wb,52.134636,7.6898727,1.2134567164520522e-96,2.056706299071275e-95,0.993006993006993,0.1676870240406152
17,Esyt2,17.561438,7.64295,1.9838356387362873e-37,1.3094624678127308e-36,0.7762237762237763,0.013886814991787368
17,capu,38.283695,7.583686,5.575479104032781e-77,7.534431221665921e-76,0.965034965034965,0.03822607137524264
17,SP1173,52.095356,7.537935,6.9229181181816426e-96,1.1442839864763046e-94,0.986013986013986,0.09780498730774974
17,stumps,34.01629,7.5349393,2.36895217004183e-70,2.9798140503670815e-69,0.951048951048951,0.032253247722860985
17,ham,25.759338,7.515867,1.828004025191509e-55,1.7747611895063195e-54,0.8881118881118881,0.015529341496192325
17,Ssk,13.844349,7.4927664,3.927629957452551e-28,2.0726279458852512e-27,0.6293706293706294,0.007018067791548455
17,Tsp42Ei,9.425301,7.3468566,1.1048983628227632e-16,4.177309500275097e-16,0.4195804195804196,0.00283709123488129
17,CG17760,6.9704666,7.342797,1.0933561246773918e-10,3.201628476361323e-10,0.27972027972027974,0.002538450052262207
17,Cyp4d8,13.564335,7.3229957,2.0598389280798677e-27,1.0756339050025418e-26,0.6223776223776224,0.00657010601761983
